LGE|Nexus 5|hammerhead|6.0
samsung|SM-A300FU|a3ulte|5.0.2
samsung|SM-N910W8|trltecan|5.1.1
Sony|D5503|D5503|5.1.1
LGE|LG-D851|g3|5.0.1
LGE|LGMS345|c50|5.1.1
motorola|XT1058|ghost|5.1
LGE|LG-H812|p1|5.1
LGE|LGLS770|g4stylusc|5.1.1
samsung|SM-G900F|kltexx|5.1.1
samsung|SAMSUNG-SM-N920A|noblelteatt|5.1.1
samsung|SM-N920T|nobleltetmo|5.1.1
samsung|SM-A300F|a3lte|5.0.2
LGE|LG-D802|g2|5.0.2
motorola|MotoG3|osprey_u2|5.1.1
LGE|Nexus 4|mako|5.1.1
motorola|XT1033|falcon_umtsds|5.1
samsung|SCH-I545|jfltevzw|5.0.1
samsung|SM-G531H|grandprimeve3g|5.1.1
samsung|SM-G900I|klte|5.0
motorola|XT1526|surnia_cdma|5.1
Sony|D5303|D5303|5.0.2
samsung|SM-G928I|zenlte|5.1.1
asus|ASUS_Z00AD|Z00A_1|5.0
samsung|SM-G920P|zerofltespr|5.1.1
samsung|SM-T805|chagalllte|5.0.2
samsung|SM-G530T1|gprimeltemtr|5.1.1
samsung|SM-N910F|trlte|5.1.1
LGE|LG-H324|my50ds|5.0.1
motorola|XT1053|ghost|5.1
samsung|SM-G360T1|cprimeltemtr|5.1.1
LGE|Nexus 5X|bullhead|6.0.1
HTC|HTC Desire 626s|htc_a32eul|5.1
asus|ASUS_T00J|ASUS_T00J|5.0
motorola|MotoE2(4G-LTE)|surnia_umts|5.1
asus|ASUS ZenFone 2E|ASUS_Z00D|5.0.1
LGE|LG-D800|g2|5.0.2
LGE|LG-VS985|vs985|5.1.1
LGE|LG-H340AR|c50|5.0.1
samsung|SAMSUNG-SM-G530AZ|grandprimelteaio|5.1.1
samsung|GT-I9192|serranods|6.0.1
samsung|SM-G900M|klte|5.0
motorola|Moto G|falcon|6.0.1
motorola|XT1097|victara|6.0
LGE|Nexus 5|hammerhead|6.0.1
motorola|Nexus 6|shamu|6.0.1
LGE|LGMS631|g4stylusn|5.1.1
samsung|SM-N920V|nobleltevzw|5.1.1
motorola|XT1093|victara|5.1
LGE|Nexus 5|hammerhead|5.1.1
samsung|SM-G900R7|klteacg|5.0
samsung|GT-I9500|ja3g|5.0.1
LGE|LG-H634|g4stylus|5.1.1
LGE|Nexus 5|hammerhead|5.0.1
samsung|SM-N900T|hltetmo|5.0
samsung|SM-G850F|slte|5.0.2
LGE|LGLS990|g3|5.0.1
Sony|E6683|E6683|6.0
samsung|GT-I9300|m0|5.1.1
samsung|SM-G925F|zerolte|6.0.1
HTC|HTC One|m7|5.0.2
LGE|Nexus 5|hammerhead|5.0
samsung|SM-G928V|zenltevzw|6.0.1
asus|Nexus 7|flo|5.0
LGE|Nexus 4|mako|5.0
HTC|710C|htc_a5chl|5.0.2
LGE|LG-H815|h815|6.0.1
samsung|SM-J200Y|j2lte|5.1.1
motorola|XT1068|titan_umtsds|6.0
HTC|HTC One M9|htc_himauhl|6.0
LGE|AOSP on Mako|mako|5.0
samsung|SM-G900P|kltespr|6.0.1
samsung|SAMSUNG-SM-G530A|grandprimelteatt|5.1.1
samsung|GT-I9515|jfvelte|5.0.1
motorola|XT1069|titan_udstv|6.0
motorola|ghost|ghost|5.0
motorola|Nexus 6|shamu|5.0
asus|ASUS_T00F|ASUS_T00F|5.0
samsung|Nexus 10|manta|5.0
motorola|XT1064|titan_umts|5.0
asus|Nexus 7|grouper|5.0
LGE|LG-VS985|vs985|5.0
motorola|Moto X|ghost|5.0
motorola|Moto G|falcon_gpe|5.0
motorola|XT1039|peregrine|5.0
motorola|XT1095|victara|5.0
asus|Nexus 7|flo|5.0.1
HTC|HTC One|m7|5.0.1
samsung|SM-G920V|zerofltevzw|6.0.1
LGE|Nexus 4|mako|5.0.1
HTC|831C|htc_m8whl|6.0
HTC|HTC6525LVW|htc_m8|5.0.1
samsung|SM-G900F|klte|5.0
samsung|Nexus 10|manta|5.0.1
samsung|GT-I9505|jfltexx|5.0.1
asus|Nexus 7|grouper|5.0.2
LGE|LG-D855|g3|5.0
motorola|Moto X|ghost|5.0.2
motorola|Moto G|falcon_umts|5.0.2
motorola|Nexus 6|shamu|5.0.1
samsung|SM-N910T|trltetmo|5.0.2
samsung|GT-I9500|ja3g|5.0_by-master
samsung|SM-N9005|hlte|5.0
motorola|XT1097|victara|5.0
samsung|GT-I9505G|jgedlte|5.0
motorola|XT1033|falcon_umtsds|5.0
samsung|GT-N7105|t0lte|5.0.2
LGE|Nexus 5|hammerhead|5.0.2
samsung|GT-I8730|expressltexx|5.0.2
samsung|GT-I9505G|jgedlte|5.0.1
HTC|One|m7|5.0.2
samsung|SGH-I337M|jfltecan|5.0.2
samsung|GT-I9105P|s2vep|5.0.2
samsung|SM-N9005|hltexx|5.0.2
samsung|GT-I9300|m0|5.0.2
asus|Nexus 7|flo|5.0.2
samsung|GT-I9500|universal_5410|5.0.2
motorola|XT1033|falcon_umtsds|5.0.2
samsung|GT-I9100|GT-I9100|5.0.2
motorola|XT1069|titan_udstv|5.0.2
samsung|SM-N920W8|nobleltebmc|6.0.1
motorola|Nexus 6|shamu|5.0.2
motorola|XT1068|titan_umtsds|5.0.2
samsung|SM-G3815|wilcoxlte|5.0.2
asus|Transformer TF101|tf101|5.0.2
samsung|SM-N900|ha3g|5.0
samsung|GT-I9082|baffin|5.0.2
samsung|GT-N5110|konawifi|5.0.2
LGE|LG-E980|e980|5.0.2
LGE|LG-E975|e975|5.0.2
motorola|XT1092|victara|5.0
LGE|LG-D855|d855|5.0.2
HTC|HTC One_M8|htc_m8|5.0.1
samsung|SM-G900P|kltespr|5.0
samsung|GT-I8190|golden|5.0.2
motorola|XT1097|victara|5.0.1
samsung|SM-G900V|kltevzw|5.0
LGE|LGMS631|g4stylusn|6.0
samsung|Nexus 10|manta|5.0.2
samsung|SPH-L710|d2spr|5.0.2
asus|K01Q|K01Q|5.0.1
samsung|SCH-I545|jfltevzw|5.0.2
samsung|GT-I9506|ks01lte|5.0.1
HTC|831C|htc_m8whl|5.0.1
asus|Nexus 7|deb|5.0.2
samsung|SM-G900F|kltexx|5.0.2
LGE|Nexus 4|mako|5.0.2
motorola|XT1032|falcon_umts|5.0.2
samsung|SM-N910C|trelte|5.0.1
LGE|LG-D850|g3|5.0.1
samsung|SCH-I605|t0ltevzw|5.0.2
motorola|XT1095|victara|5.0.2
LGE|LG-D851|d851|5.0.2
samsung|GT-I9195|serranoltexx|5.0.2
LGE|VS810PP|e2nav|5.1.1
HTC|HTC_M8x|htc_m8|5.0.1
samsung|SM-G900T|kltetmo|5.0
samsung|SM-N910P|trltespr|5.0.1
HTC|HTCONE|m7wls|5.0.2
motorola|Moto X|ghost_retail|5.0.2
LGE|Optimus 4X HD|p880|5.0.2
samsung|T889|t0lte|5.0.2
LGE|Nexus 5|hammerhead|5.1
LGE|AOSP on HammerHead|hammerhead|5.0.2
motorola|XT1063/64|titan_umts|5.0.2
samsung|GT-I9305|m3|5.0.2
samsung|kltedv|kltedv|5.0.2
motorola|XT1096|victara|5.0
LGE|LG-D852|g3|5.0.1
asus|Nexus 7|grouper|5.1
samsung|SM-N910F|trlte|5.0.1
motorola|Nexus 6|shamu|5.1
motorola|victara|victara|5.0.2
samsung|GT-N7000|GT-N7000|5.0.2
samsung|GT-I9192|serranods|5.0.2
Sony|C1905|C1905|5.0.2
samsung|GT-I9505|jflte|5.0.1
Sony|Xperia Tablet Z LTE|pollux|5.0.2
motorola|XT1025|condor_udstv|5.0.2
Sony|Xperia V|tsubasa|5.0.2
LGE|LG-VS985|vs985|5.0.2
asus|Nexus 7|tilapia|5.0.2
samsung|SCH-R970|jflteusc|5.0.2
samsung|SAMSUNG-SM-N910A|trlteatt|5.0.1
Sony|D5803|D5803|5.0.2
HTC|HTC One M9|htc_himaulatt|5.0.2
HTC|HTC_M9u|htc_himauhl|5.0.2
samsung|GT-I8190|golden|5.1
LGE|VS980 4G|g2|5.0.2
samsung|SM-G920P|zerofltespr|5.0.2
Sony|Xperia Z1|honami|5.1
samsung|SAMSUNG-SM-G920A|zeroflteatt|5.0.2
motorola|MotoE2(4G-LTE)|surnia_umts|5.0.2
motorola|XT1063|titan_umts|5.0.2
samsung|SAMSUNG-SGH-I337|jflteatt|5.0.1
motorola|XT1526|surnia_cdma|5.0.2
samsung|SAMSUNG-SM-G900A|klteatt|5.0
samsung|SM-N910V|trltevzw|5.0.1
LGE|VS985 4G|g3|5.0.1
LGE|LG-E980|e980|5.1
motorola|XT1032|falcon_umts|5.1
HTC|HTC One 801e|m7|5.0.2
Sony|SGP521|SGP521|5.0.2
motorola|Moto G 2014|titan_umtsds|5.1
samsung|SM-G925F|zerolte|5.0.2
asus|ASUS_Z008D|Z008_1|5.0
Sony|D6653|D6653|5.0.2
Sony|D5503|D5503|5.0.2
asus|Nexus 7|tilapia|5.1
Sony|D6503|D6503|5.0.2
samsung|SM-G920T|zerofltetmo|5.0.2
samsung|SM-G935T|hero2qltetmo|6.0.1
samsung|SM-T800|chagallwifi|5.0.2
motorola|MotoE2(4G-LTE)|surnia_uds|5.0.2
samsung|SM-N900V|hltevzw|5.0
LGE|LG-D838|b1w|5.0.1
Sony|D6603|D6603|5.0.2
samsung|SM-G900MD|klte|5.0
samsung|SAMSUNG-SM-N915A|tblteatt|5.0.1
samsung|SM-G920F|zeroflte|5.0.2
samsung|SM-N900W8|hltecan|5.0
samsung|SM-G920V|zerofltevzw|5.0.2
samsung|GT-I9506|ks01lte|5.0.2
Sony|D6633|D6633|5.0.2
samsung|SM-G925I|zerolte|5.0.2
asus|Nexus 7|flo|5.1
LGE|Nexus 4|mako|5.1
HTC|One S|ville|5.1.1
HTC|HTC6535LVW|htc_himawl|5.0.2
samsung|SM-N900P|hltespr|5.0
asus|Nexus 7|deb|5.1
samsung|SM-G920I|zeroflte|5.0.2
samsung|SAMSUNG-SM-N900A|hlteatt|5.0
asus|ASUS_Z00AD|Z00A|5.0
samsung|SM-S765C|heat3gtfnvzw|5.1
LGE|LG-H811|p1|5.1
asus|Nexus 7|grouper|5.1.1
Sony|D5833|D5833|5.0.2
samsung|GT-I9082|baffin|5.1.1
LGE|LGUS990|g3|5.0.1
samsung|SM-G900FQ|klte|5.0
HTC|One X|endeavoru|5.1.1
Sony|C6903|C6903|5.0.2
samsung|SM-G9250|zerolte|5.0.2
HTC|HTC One M9|htc_himauhl|5.0.2
samsung|GT-I9295|jactivelte|5.0.1
samsung|GT-I9505|jfltexx|5.1.1
samsung|GT-N7000|GT-N7000|5.1.1
samsung|SM-N910T|trltetmo|5.0.1
samsung|SM-G925T|zeroltetmo|5.0.2
samsung|GT-N7100|t03g|5.1
samsung|GT-I9301I|s3ve3g|5.0.2
Sony|Xperia Z1 Compact|amami|5.1.1
HTC|HTC One_M8|htc_m8|5.1
asus|Nexus 7|flo|5.1.1
Sony|C6802|C6802|5.0.2
LGE|LG-F460K|tiger6|5.0.1
samsung|SAMSUNG-SM-G870A|klteattactive|5.0
LGE|LG-D725|jagnm|5.0.2
samsung|GT-I9305|m3|5.1.1
samsung|SM-P550|gt5note10wifi|5.0.2
motorola|Moto Maxx|quark|5.1.1
samsung|SM-G900FD|klte|5.0
samsung|SM-G900T|kltetmo|5.1.1
samsung|SM-G900R4|klteusc|5.0
samsung|SM-N900U|hlte|5.0
samsung|SM-G9250|zeroltechn|5.0.2
Sony|C6602|C6602|5.0.2
Sony|D6543|D6543|5.0.2
Sony|Xperia Z2|sirius|5.0.2
LGE|LG-F520K|aka|5.0.2
Sony|C6943|C6943|5.0.2
samsung|GT-I9100|GT-I9100|5.1.1
samsung|SM-P601|lt033g|5.1.1
motorola|XT1097|victara|5.1
asus|K016|K016_2|5.0
samsung|SM-N910H|tre3g|5.0.1
samsung|SM-G900I|kltedv|5.1.1
samsung|SM-T530NU|matissewifiue|5.0.2
samsung|SPH-L720|jfltespr|5.0.1
samsung|SAMSUNG-SM-G925A|zerolteatt|5.0.2
Sony|C6603|C6603|5.0.2
LGE|LGMS345|c50|5.0.2
LGE|LG-H440n|c70n|5.0.1
LGE|LG-MS323|w5|5.1.1
samsung|SM-T705|klimtlte|5.0.2
motorola|Nexus 6|shamu|5.1.1
asus|ASUS_Z002|ASUS_Z002|5.0
HTC|HTC One M9|htc_himaulatt|6.0
samsung|SM-G313HZ|vivalto3gvn|5.1
Sony|Xperia Z Ultra|togari|5.1.1
HTC|HTC Desire 816 dual sim|htc_a5dwg|5.0.2
HTC|HTC_M8x|htc_m8|5.0.2
samsung|SPH-L710|d2spr|5.1.1
motorola|MotoE2(4G-LTE)|surnia_udstv|5.0.2
samsung|SM-G925P|zeroltespr|5.0.2
LGE|LG-D410|w7dsn|5.0.2
samsung|Nexus 10|manta|5.1.1
LGE|LG-D802T|g2|5.0.2
samsung|SM -G3812B|wilcoxds|5.1.0
Sony|Xperia SP|huashan|5.1.1
samsung|SAMSUNG-SM-T807A|chagalllteatt|5.0.2
asus|Nexus 7|deb|5.1.1
samsung|GT-I9195|serranoltexx|5.1.1
samsung|SM-T530NN|matissewifigoogle|5.0.2
Sony|SGP311|SGP311|5.0.2
motorola|XT1528|surnia_cdma|5.1
samsung|SPH-L720T|jflterefreshspr|5.0.1
LGE|LG-D415|w7|5.0.2
samsung|GT-I9300|trelte|5.0.1
LGE|LG-H815|p1|5.1
samsung|SAMSUNG-SGH-I437|expressatt|5.0.2
LGE|LG-V500|awifi|5.0.2
motorola|XT1097|victara|5.0.2
HTC|HTC6525LVW|htc_m8wl|5.0.1
HTC|HTC6500LVW|m7wlv|5.0.2
samsung|SM-N915FY|tblte|5.0.1
asus|ASUS_T00N|ASUS_T00N|5.1.1
samsung|GT-I9190|serrano3g|5.1.1
samsung|SM-G900H|k3g|5.0
Sony|SO-04G|SO-04G|5.0.2
samsung|SM-G870W|kltecanactive|5.0
samsung|SM-T550|gt510wifi|5.0.2
samsung|SGH-I337M|jfltecan|5.0.1
LGE|LG-H340n|c50n|5.0.1
Sony|SGP621|SGP621|5.0.2
samsung|SM-G925F|zerolte|5.1.1
asus|K01E|K01E_2|5.0.2
LGE|LG-H343|c50|5.1.1
LGE|LG-D410hn|w7nds|5.1.1
samsung|GT-N7100|t03g|5.1.1
samsung|GT-I8730|expressltexx|5.1.1
Sony|SOV31|SOV31|5.0.2
samsung|SM-N910C|trelte|6.0.1
LGE|LGL22C|y50c|5.0.1
samsung|SM-G901F|kccat6|5.0.2
samsung|GT-S5302|GT-S5302|5.0.1
samsung|p4wifi|p4wifi|5.1.1
samsung|SCH-I535|d2vzw|5.1.1
LGE|LG-E975|e975|5.1.1
motorola|XT1254|quark|5.1
samsung|SM-G920V|zerofltevzw|5.1.1
HTC|HTC One dual sim|m7cdwg|5.0.2
samsung|SM-G850FQ|slte|5.0.2
motorola|Moto X|ghost_retail|5.1.1
samsung|SAMSUNG-SM-G890A|marinelteatt|5.0.2
Sony|SGP511|SGP511|5.0.2
samsung|SGH-M919|jfltetmo|5.1.1
LGE|LGLS991|p1|5.1
motorola|XT1095|victara|5.1
motorola|XT1225|quark_umts|5.0.2
LGE|LG-LS980|g2|5.0.2
samsung|SM-N9005|zerolte|5.0.2
motorola|XT1039|peregrine|5.1
samsung|SM-G900W8|kltecan|5.0
LGE|Nexus 5 CAF|hammerhead|5.1.1
LGE|LG-D335|luv80ds|5.0.2
Sony|D6503|D6503|5.1.1
samsung|SM-G906S|lentislteskt|5.0.1
HTC|HTC One_M8|htc_m8|5.0.2
Sony|C6806|C6806|5.0.2
samsung|SM-P905|viennalte|5.0.2
Sony|D6653|D6653|5.1.1
Sony|D5803|D5803|5.1.1
LGE|LG-D855|d855|5.1.1
samsung|SM-N915V|tbltevzw|5.0.1
LGE|LGLK430|e7iilte|5.0.1
samsung|SM-N910P|trltespr|5.1.1
Sony|D6603|D6603|5.1.1
motorola|MotoE2(4G-LTE)|surnia_uds|5.1.1
samsung|SM-G920F|zeroflte|5.1.1
motorola|XT1078|thea_umtsds|5.0.2
LGE|LG-H320|my50|5.0.1
LGE|LG-D620|g2m|5.0.2
HTC|831C|htc_m8whl|5.0.2
samsung|SAMSUNG-SGH-I747|d2att|5.1.1
samsung|GT-I9505|zeroflte|5.1.1
Sony|C6902|C6902|5.0.2
samsung|GT-I9515L|jfvelte|5.0.1
samsung|SM-N910U|trhplte|5.0.1
samsung|SM-A500FU|a5ulte|5.0.2
motorola|Moto G 2014|titan_umtsds|5.1.1
motorola|XT1072|thea|5.0.2
HTC|HTC_B810x|htc_b2ul|5.0.2
samsung|SM-T537V|matisseltevzw|5.1.1
HTC|HTC One_M8|htc_m8wl|5.0.1
samsung|SM-N910G|trlte|5.0.1
motorola|XT1092|victara|5.1
motorola|Moto X|ghost|5.1.1
motorola|Nexus 6|shamu|6.0
samsung|SM-G920I|zeroflte|5.1.1
Sony|D6543|D6543|5.1.1
LGE|LG-F350K|g2|5.0.2
motorola|MotoE2|otus_ds|5.0.2
HTC|HTV31|htc_b3uhl|5.0.2
samsung|SM-G900P|kltespr|5.1.1
Sony|D5833|D5833|5.1.1
motorola|MotoG3|osprey_umts|5.1.1
samsung|SGH-M919V|jfltecan|5.0.1
HTC|HTC_E9x|htc_a53ml_dtul|5.0.2
samsung|SM-G920F|jflte|5.0.2
LGE|LG-D415|w7|5.1.1
LGE|VK815|altev2|5.0.2
samsung|Note 3|hlte|5.1.1
Sony|C6833|C6833|5.0.2
LGE|LG-D693n|b2lssn|5.0.2
asus|ASUS_T00J|ASUS_T00J1|5.0
HTC|HTC One M8|htc_m8|5.0.2
motorola|MotoG3|osprey_uds|5.1.1
samsung|SM-G920W8|zerofltebmc|5.0.2
motorola|Moto G 2014 LTE|thea_umtsds|5.1.1
LGE|LG-H959|z2|5.1.1
samsung|SM-J100VPP|j1qltevzw|5.0.2
HTC|HTCD200LVW|htc_a32ewl|5.1
motorola|XT1563|lux_uds|5.1.1
samsung|SM-N9005|hltexx|5.1.1
asus|K013|K013_1|5.0
Sony|D6502|D6502|5.1.1
samsung|SM-G925T|zeroltetmo|5.1.1
samsung|SM-G530R4|gprimelteusc|5.1.1
LGE|LG-V500|v500|5.1.1
HTC|HTC One M9|htc_himauhl|5.1
samsung|GT-I9295|jactivelte|5.1.1
LGE|LG-D724|jag3gds|5.0.2
LGE|LG-D618|g2mds|5.0.2
LGE|LG-V410|e7lte|5.0.2
motorola|Moto G|falcon_umtsds|5.1.1
LGE|LG-D631|b2l|5.0.2
motorola|MotoG3|osprey_udstv|5.1.1
samsung|SAMSUNG-SGH-I717|SGH-I717|5.1.1
samsung|SM-T810|gts210wifi|5.0.2
LGE|LGLS665|c50|5.1.1
samsung|SM-A800F|a8elte|5.1.1
asus|ASUS_T00N|ASUS_T00N|5.0
samsung|SAMSUNG-SGH-I537|jactivelteatt|5.0.1
LGE|LG-D850|d850|5.1.1
samsung|SM-N920I|noblelte|5.1.1
samsung|SM-G530H|fortuna3g|5.0.2
asus|ASUS_T00I|ASUS_T00I|5.1.1
samsung|SM-G9200|zerofltechn|5.1.1
HTC|0PM92|htc_a32ewhl|5.1
Sony|SGP511|SGP511|5.1.1
samsung|SM-G925P|zeroltespr|5.1.1
samsung|SM-G920R6|zerofltelra|5.0.2
samsung|SCH-R970X|jfltecsp|5.0.1
HTC|HTC_0P6B|htc_m8|5.0.1
samsung|SM-G920S|zeroflteskt|5.1.1
motorola|XT1045|peregrine|5.1
HTC|HTC Desire 816 dual sim|htc_a5dug|5.0.2
LGE|LG-H635|g4stylusn|5.0.2
samsung|SM-N910C|trelte|5.1.1
samsung|klte|klte|5.1.1
Sony|C6916|C6916|5.0.2
samsung|SM-P605|viennalte|5.0.2
samsung|SM-G800F|kminilte|5.1.1
HTC|HTC One M9|htc_himaulatt|5.1
samsung|SM-J100VPP|j1qltevzw|5.1.1
samsung|SM-G530FZ|grandprimelte|5.0.2
samsung|SM-G920|Galaxy S6|5.0.2
samsung|SM-G928F|zenlte|5.1.1
samsung|GT-I9500|ja3g|5.0
Sony|C1905|C1905|5.1.1
HTC|HTC_M910x|htc_eyetuhl|5.0.2
samsung|SM-A8000|a8ltechn|5.1.1
samsung|SM-T235|degasltexx|5.1.1
samsung|SM-N920W8|nobleltebmc|5.1.1
HTC|HTC Desire 826|htc_a52dtul|5.0.2
samsung|SM-G9280|zenltechn|5.1.1
Sony|D6603|leo|5.1.1
asus|ASUS_T00Q|ASUS_T00Q|5.0
HTC|HTC One dual sim|m7cdug|5.0.2
Sony|SO-03G|SO-03G|5.0.2
samsung|SM-G901F|kccat6xx|5.1.1
LGE|LG-D806|g2|5.0.2
samsung|SM-G925F|zeroltebmc|5.1.1
samsung|SM-N910F|trltexx|5.1.1
samsung|SM-J500M|j5lte|5.1.1
motorola|XT1064|titan_umts|5.0.2
samsung|GT-I8190|golden|5.1.1
HTC|HTC_E9pw|htc_a55ml_dtul|5.0.2
samsung|SM-G920T1|zerofltemtr|5.0.2
Sony|SGP521|SGP521|5.1.1
Sony|Xperia L|taoshan|5.1.1
samsung|SC-04G|SC-04G|5.0.2
LGE|LG-H502|my90ds|5.0.1
samsung|SAMSUNG-SM-T337A|milletlteatt|5.1.1
samsung|SM-G9009D|klte|5.0
motorola|XT1585|kinzie|6.0
HTC|HTC_0PJA10|htc_himauhl|5.1
samsung|SM-T350|gt58wifi|5.0.2
Sony|C6603|C6603|5.1.1
LGE|LG-H736|p1bdsn|5.1.1
samsung|SM-T700|klimtwifi|5.0.2
samsung|SM-N910T3|trltetmo|5.1.1
Sony|SO-03F|SO-03F|5.0.2
LGE|LG-D851|d851|5.1.1
samsung|SAMSUNG-SM-G920A|zeroflteatt|5.1.1
Sony|E5333|E5333|5.0
Sony|C6903|C6903|5.1.1
LGE|LG-H345|c50|5.1.1
samsung|SM-N915T|tbltetmo|5.0.1
samsung|GT-N7105|t0lte|5.1.1
HTC|HTC_M9u|htc_himauhl|5.1
samsung|SM-G361H|coreprimeve3g|5.1.1
samsung|SC-02F|SC-02F|5.0
samsung|GT-S7580|kylepro|5.1.1
samsung|SM-G9208|zerofltechn|5.1.1
samsung|SM-G920T|zerofltetmo|5.1.1
Sony|D5303|D5303|5.1.1
Sony|D2305|D2305|5.1.1
Sony|SGP611|SGP611|5.1.1
LGE|LG-D801|g2|5.0.2
LGE|LG-D690n|b2ldsn|5.0.2
samsung|SM-G530H|fortunave3g|5.0.2
samsung|GT-I9505|jfltexx|5.0.2
HTC|HTCD100LVW|htc_a13wl|5.1
samsung|SM-N915FY|tblte|5.1.1
asus|Nexus 7|tilapia|5.1.1
LGE|VS880|x10|5.1.1
samsung|SAMSUNG-SM-N910A|trlteatt|5.1.1
motorola|XT1096|victara|5.1
Sony|C6602|C6602|5.1.1
LGE|LG-H500|my90|5.0.1
HTC|HTC One max|t6ul|5.0.2
asus|Nexus 7|deb|6.0
LGE|LG-H522|mc90ds|5.0.2
HTC|HTC Desire 826 dual sim|htc_a52dtul|5.0.2
LGE|LG-H342|c50ds|5.0.1
samsung|SM-T530|matissewifi|5.0.2
samsung|GT-P3100|espressorf|5.0.2
Sony|E2312|E2312|5.0
samsung|SM-T710|gts28wifi|5.0.2
samsung|SM-N920P|nobleltespr|5.1.1
samsung|SM-G925I|zerolte|5.1.1
samsung|SAMSUNG-SM-G925A|zerolteatt|5.1.1
motorola|XT1021|otus_ds|5.0.2
LGE|LG-D337|luv80ds|5.0.2
Sony|E5343|E5343|5.0
LGE|LG-H959|z2|5.0.1
samsung|SM-N900L|hltelgt|5.0
LGE|LG-D802TR|g2|5.0.2
samsung|SAMSUNG-SGH-T989|SGH-T989|5.1.1
asus|K016|K016_1|5.0
samsung|SM-J500FN|j5nlte|5.1.1
HTC|HTC6525LVW|htc_m8wl|5.0.2
LGE|Nexus 5X|bullhead|6.0
samsung|SM-G531F|grandprimevelte|5.1.1
samsung|SM-N915W8|tbltecan|5.1.1
HTC|HTCD100LVWPP|htc_a13wlpp|5.1
samsung|SM-J700F|j7elte|5.1.1
HTC|HTC6435LVW|dlx|5.0.2
Sony|SO-01H|SO-01H|5.1.1
samsung|SM-N910T|trltetmo|5.1.1
samsung|SM-J110M|j1acelteltn|5.1.1
LGE|LG-H631|g4stylusn|5.1.1
motorola|MotoG3|osprey_ud2|5.1.1
LGE|LG-V500|v500|6.0
samsung|SPH-L710T|d2bst|5.1.1
samsung|SM-T237P|degasltespr|5.1.1
samsung|SC-04E|SC-04E|5.0.1
samsung|SM-T520|picassowifi|5.1.1
motorola|XT1040|peregrine|5.1
LGE|VS985 4G|g3|5.1.1
motorola|XT1021|condor_umts|5.1
LGE|LG-V700|e9wifi|5.0.2
samsung|SM-S920L|gprimeltetfnvzw|5.0.2
samsung|SM-G928G|zenlte|5.1.1
asus|Nexus 7|flo|6.0
samsung|SM-N916S|tre3calteskt|5.1.1
samsung|SM-A500G|a5lte|5.0.2
Sony|C6943|C6943|5.1.1
Sony|D5803|aries|6.0
samsung|SM-G935P|hero2qltespr|6.0.1
motorola|XT1572|clark|5.1.1
motorola|Moto G 2014|titan_umtsds|6.0
samsung|SCL22|SCL22|5.0
samsung|SAMSUNG-SM-G928A|zenlteatt|5.1.1
samsung|SM-G360F|coreprimelte|5.0.2
HTC|HTC Desire 626|htc_a32ul_emea|5.1
Sony|D5322|D5322|5.1.1
samsung|SM-T715Y|gts28lte|5.0.2
LGE|LG-H961N|pplus|5.1.1
Sony|C6502|C6502|5.1.1
samsung|SM-G530P|gprimeltespr|5.1.1
Sony|E5823|E5823|5.1.1
samsung|SAMSUNG-SM-G900A|klteatt|5.1.1
motorola|Moto G 2014 LTE|thea|6.0
samsung|SM-T807V|chagallltevzw|5.0.2
Sony|E6653|E6653|5.1.1
Sony|E2363|E2363|5.0
Sony|D2306|D2306|5.1.1
motorola|XT1025|condor_udstv|5.1
asus|ASUS_Z00UD|ASUS_Z00U_2|5.0.2
LGE|LG-K330|m1|5.1.1
samsung|SM-G900W8|kltecan|5.1.1
samsung|SAMSUNG-SM-G750A|mega2lteatt|5.1.1
samsung|SCH-R970|jflteusc|5.0.1
samsung|SM-G920W8|zerofltebmc|5.1.1
HTC|HTC6535LVW|htc_himawl|5.1
Sony|D6643|D6643|5.1.1
motorola|XT1052|ghost|5.1
samsung|SM-T535|matisselte|5.0.2
Sony|D5803|aries|6.0.1
samsung|SGH-T999|d2tmo|5.1.1
LGE|LGMS330|m1|5.1.1
samsung|GT-I9301I|s3ve3g|5.1.1
samsung|SM-G928C|zenlte|5.1.1
samsung|SM-J700M|j7elte|5.1.1
samsung|SM-G928T|zenltetmo|5.1.1
samsung|SM-T531|matisse3g|5.0.2
samsung|SM-A500F|a5lte|5.0.2
HTC|HTC_D820ys|htc_a50ml|5.0.2
samsung|SM-G530T|gprimeltetmo|5.1.1
samsung|SM-G360T|cprimeltetmo|5.1.1
HTC|HTC Desire 816|htc_a5ul|5.0.2
samsung|SM-G925K|zerolte|5.1.1
samsung|SM-A300M|a3lte|5.0.2
Sony|C6833|C6833|5.1.1
samsung|SM-T810|gts210wifi|5.1.1
motorola|XT1562|lux|5.1.1
asus|ASUS_Z008|Z008|5.1.1
LGE|Kingzone K1 Turbo|Kingzone|5.1.1
samsung|GT-I9190|serrano3g|6.0
motorola|Moto E|condor_umtsds|5.1.1
motorola|XT1585|kinzie|5.1.1
samsung|SM-J200H|j23g|5.1.1
motorola|Moto E|condor_umtsds|6.0
motorola|Moto G 2014|titan_umts|6.0.1
LGE|LG-Leon h345|h345|5.1.1
Sony|C6902|C6902|5.1.1
samsung|SM-A500M|a5lte|5.0.2
asus|P01Z|P01Z|5.0.2
LGE|LGMS345|ms345|5.1.1
samsung|SM-A500H|a53g|5.0.2
samsung|SM-G361F|coreprimevelte|5.1.1
asus|Nexus 7|flo|6.0.1
Sony|C6503|C6503|5.1.1
samsung|SM-P600|lt03wifiue|5.1.1
samsung|GT-I9505G|jgedlte|5.1
motorola|XT1562|lux_uds|5.1.1
samsung|GT-I9300|m0|6.0.1
samsung|SM-A500FU|a5ulte|5.1.1
samsung|SM-A700FD|a7lte|5.0.2
LGE|LG-H818|p1|5.1
HTC|HTC One E9s dual sim|htc_a50aml|5.0.2
samsung|SM-N910G|trlte|5.1.1
LGE|LG-H735|p1bssn|5.1.1
motorola|XT1572|clark_ds|6.0
Sony|D6633|D6633|5.1.1
samsung|GT-I9505|jfltexx|6.0.1
motorola|MotoE2(4G-LTE)|surnia_cdma|5.1
Sony|D2502|D2502|5.0.2
samsung|GT-I9190|serrano3g|6.0.1
HTC|0PM92|htc_a32ewhl|6.0.1
asus|P024|P024_2|5.0.2
LGE|LG-H815|p1|6.0
LGE|VS986|p1|5.1
samsung|SM-N7505|hllte|5.1.1
motorola|MotoG3|osprey_cdma|5.1.1
motorola|XT1572|clark|6.0
samsung|SM-G531BT|grandprimeve3gdtv|5.1.1
samsung|SM-N910S|trelteskt|5.1.1
asus|ASUS_Z00ED|ASUS_Z00E_2|5.0.2
LGE|LS775|ph1|6.0
Sony|E5506|E5506|5.0
motorola|MotoG3|osprey_udstv|6.0
motorola|MotoG3|osprey_uds|6.0
LGE|LGUS550|c70|5.0.2
LGE|LGL33L|c50|5.0.1
asus|ASUS ZenFone 2|ASUS_Z00LD|5.0.1
asus|Nexus 7|deb|6.0.1
HTC|HTC Desire 625|htc_a32eul|5.1
LGE|LG-D855|g3|6.0
motorola|MotoG3|osprey_ud2|6.0
motorola|XT1039|peregrine|6.0.1
samsung|SM-N920C|noblelte|5.1.1
samsung|SHV-E330K|ks01ltektt|5.0.1
asus|Nexus 7|grouper|6.0.1
motorola|Moto G|falcon_umts|6.0.1
LGE|LG-H960|pplus|5.1.1
HTC|HTC Desire 820|htc_a51ul|5.0.2
LGE|VS425PP|e1q|5.1.1
LGE|LG-H422|my70ds|5.0.1
LGE|LG-H326|my50ds|5.0.1
HTC|HTC One_M8|htc_m8|6.0
samsung|SM-G925V|zeroltevzw|5.1.1
samsung|SM-G920F|zeroflte|6.0.1
LGE|LG-V495|t8lte|5.0.2
Sony|D5316|D5316|5.1.1
LGE|LG-F240L|geefhd4g|5.0.1
samsung|SM-G903M|s5neolte|5.1.1
HTC|HTC_One_max|t6ul|5.0.2
samsung|SM-P600|lt03wifi|5.1.1
samsung|SM-T555|gt510lte|5.0.2
samsung|GT-S7270|logan|5.1.1
asus|K012|K012|5.0
samsung|GT-I8730|expressltexx|6.0.1
LGE|LG-H901|pplus|5.1.1
HTC|HTC One E9PLUS dual sim|htc_a55ml_dtul|5.0.2
HTC|0PJA2|htc_himawhl|5.1
LGE|LGLS991|p1|6.0
samsung|SM-G900I|kltedv|6.0.1
samsung|SM-G600FY|o7lte|5.1.1
LGE|LG-H520|mc90|5.0.2
samsung|SM-G360G|rossaltexsa|5.1.1
LGE|LG-V500|awifi|6.0.1
HTC|2PQ93|htc_hiaewhl|6.0.1
motorola|XT1031|falcon_cdma|5.1
samsung|GT-I9082|baffin|6.0.1
Sony|E2306|E2306|5.0
samsung|SM-N920C|noblelte|6.0.1
samsung|Galaxy Nexus|maguro|5.1.1
motorola|MotoG3|osprey_u2|6.0
samsung|SM-T320|mondrianwifi|6.0.1
asus|ASUS_Z00TD|ASUS_Z00T|5.0.2
LGE|LG-F470K|jagn|5.0.2
samsung|GT-I9070|janice|5.1.1
samsung|SM-N900S|hlteskt|5.0
motorola|MotoG3-TE|merlin|6.0
LGE|VS990|pplus|5.1.1
samsung|SM-G903F|s5neolte|6.0.1
samsung|SM-J500H|j53g|5.1.1
samsung|SM-J500F|j5lte|5.1.1
samsung|SM-G900FD|klteduos|5.1.1
LGE|LG-V500|awifi|5.1.1
samsung|SM-G925W8|zeroltebmc|5.1.1
motorola|XT1078|thea_umtsds|6.0
samsung|SM-E500M|e5lte|5.1.1
motorola|XT1562|lux|6.0
samsung|SM-G800H|kmini3g|5.1.1
HTC|HTC_0P6B|htc_m8|6.0
LGE|Nexus 4|mako|6.0
Sony|Xperia Z3|z3|5.1.1
samsung|SM-A800I|a8hplte|5.1.1
samsung|SM-G928V|zenltevzw|5.1.1
LGE|LGLS770|g4stylusc|6.0
samsung|SM-J700H|j7e3g|5.1.1
samsung|SM-T900|v2wifi|5.1.1
samsung|SM-G920I|zenlte|5.1.1
asus|ASUS_Z00LD|ASUS_Z00L_93|5.0.2
LGE|LGLS751|c90nas|5.1.1
HTC|HTC Desire 728 dual sim|htc_a50cml_dtul|5.1
samsung|SM-J200G|j2lte|5.1.1
motorola|MotoG3|osprey_umts|6.0
asus|K01A|K01A|5.0
motorola|MotoE2(4G-LTE)|surnia_uds|6.0
samsung|SM-G903F|s5neolte|5.1.1
LGE|VS985 4G|g3|6.0
motorola|XT1563|lux_uds|6.0
motorola|MotoE2(4G-LTE)|surnia_udstv|6.0
motorola|Moto E|otus|5.1.1
Sony|SO-02G|SO-02G|5.0.2
asus|ASUS_Z00A|Z00A|6.0.1
samsung|SM-G935F|hero2lte|6.0.1
Sony|E2333|E2333|5.0
samsung|SM-S906L|zerofltetfnvzw|5.0.2
samsung|SM-G935V|hero2qltevzw|6.0.1
LGE|LG-D805|g2|5.0.2
samsung|SM-G930P|heroqltespr|6.0.1
HTC|HTC Butterfly s|dlxpul|5.0.2
samsung|SM-T335|milletlte|5.1.1
samsung|SM-G930T|heroqltetmo|6.0.1
LGE|LG-H955|z2|5.1.1
Sony|E6833|E6833|6.0
samsung|SM-G930F|herolte|6.0.1
samsung|SM-J200BT|j2ltedtv|5.1.1
LGE|LG-H631|h631|5.1.1
samsung|SM-A300H|a33g|5.0.2
LGE|LGLS675|m1|5.1.1
samsung|SM-N910V|trltevzw|5.1.1
HTC|HTC_M8x|htc_m8|6.0
Sony|E6853|E6853|6.0
motorola|XT1095|victara|6.0
samsung|SHV-E330S|ks01lteskt|5.0.1
HTC|HTC One M8s|htc_m8qlul|5.0.2
samsung|SAMSUNG-SM-G890A|marinelteatt|5.1.1
samsung|SM-G925P|nobleltespr|5.1.1
HTC|HTC Desire 626|htc_a32eulatt|5.1
Sony|E2303|E2303|5.0
samsung|SPH-L710T ro.product.name=dtltespr ro.product.device=dtltespr|d2refreshspr|6.0.1
asus|ASUS_Z00LD|ASUS_Z00L_63|5.0.2
LGE|VS990|pplus|6.0
samsung|SAMSUNG-SM-G870A|klteattactive|5.1.1
samsung|SM-A310F|a3xelte|5.1.1
Sony|E6603|E6603|6.0
samsung|SM-J200M|j2lte|5.1.1
samsung|SM-T815|gts210lte|5.0.2
samsung|SAMSUNG-SM-N915A|tblteatt|5.1.1
samsung|SAMSUNG-SM-J120AZ|j1xlteaio|6.0.1
HTC|HTC Desire 816|htc_a5ul|6.0
LGE|LG-H525n|c90n|6.0
samsung|SAMSUNG-SM-G935A|hero2qlteatt|6.0.1
LGE|LG-H420|my70|5.0.1
LGE|LGLS992|h1|6.0.1
motorola|XT1092|victara|6.0
samsung|SM-T800|chagallwifi|6.0.1
samsung|SM-P905V|viennaltevzw|5.1.1
samsung|SM-N920V|nobleltevzw|6.0.1
samsung|GT-I9500|ja3g|5.1.1
LGE|LG-D850|g3|5.5
motorola|XT1580|kinzie|6.0
Sony|Xperia SP|huashan|6.0.1
HTC|HTCD200LVWPP|htc_a32ewlpp|5.1
motorola|XT1022|condor_umtsds|5.1
LGE|LG-D852|g3|6.0
LGE|Nexus 4|mako|6.0.1
samsung|SM-G928F|zenlte|6.0.1
samsung|SM-A510F|a5xelte|5.1.1
Sony|E6653|E6653|6.0
samsung|SM-J105B|j1mini3g|5.1.1
LGE|LG-X150|v10|5.0.2
samsung|SM-G920K|zerofltektt|6.0.1
motorola|XT1575|clark|6.0
motorola|XT1565|lux|5.1.1
samsung|SM-N900T|hltetmo|6.0.1
samsung|GT-I9300I|s3ve3gds|5.1.1
LGE|LG-H631|g4stylusn|6.0
Sony|D5803|D5803|6.0.1
motorola|XT1563|lux_uds|6.0.1
samsung|SM-G920R4|zeroflteusc|6.0.1
LGE|LG-F400L|g3|6.0
LGE|LG-H736|p1bdsn|6.0
samsung|SM-T805M|chagalllte|5.0.2
asus|ASUS_Z00AD|Z00A_3|5.0
samsung|SM-G920T|zerofltetmo|6.0.1
LGE|LG-F400L|g3|5.0
samsung|SM-G9350|hero2qltechn|6.0.1
LGE|VS986|p1|6.0
HTC|HTC_M9e|htc_himaruhl|5.0.2
samsung|GT-I9195|serranoltexx|6.0.1
HTC|HTC One|m7|5.1
HTC|HTC_D820f|htc_a51tuhl|5.0.2
samsung|SM-G9250|zeroltechn|6.0.1
samsung|SM-G920I|zeroflte|6.0.1
samsung|SM-G920L|zerofltelgt|6.0.1
Sony|E5823|E5823|6.0
samsung|SAMSUNG-SGH-I747|d2att|6.0.1
LGE|LG-E980|e980|5.1.1
samsung|SM-T377P|gtesqltespr|5.1.1
motorola|Xoom Wifi|wingray|5.1.1
samsung|SCH-I545PP|jfltevzwpp|5.0.1
LGE|LG-F500S|p1|6.0
samsung|SM-T330|milletwifi|5.1.1
LGE|LGL21G|y50|5.0.1
LGE|LG-F500L|p1|6.0
samsung|SM-N910P|trltespr|6.0.1
HTC|HTC 0PGQ1|htc_a12ul|5.1
motorola|MotoE2|otus_ds|5.1
HTC|HTC_0P3P5|t6ul|5.0.2
HTC|HTC_M9u|htc_himauhl|6.0
LGE|LG-H850|h1|6.0.1
LGE|LG-D857|g3|5.0.1
Sony|E5803|E5803|6.0
LGE|LG-H960|pplus|6.0
LGE|LG-H811|p1|6.0
samsung|SM-G550T|on5ltetmo|6.0.1
LGE|LG-H830|h1|6.0.1
LGE|LG-K430|m253|6.0
LGE|LG-K350|mm1vn|6.0
samsung|SM-J500G|j5lte|5.1.1
asus|ASUS_Z00UD|ASUS_Z00U|6.0.1
Sony|E5306|E5306|5.1
samsung|SM-G7202|grandmax3g|5.1.1
LGE|LG-D620|g2m|6.0.1
asus|K007|K007|5.0.1
LGE|LG-V496|t8lte|5.0.2
samsung|SM-G850M|slte|5.0.2
LGE|LG-F460S|tiger6|6.0
samsung|SM-A710K|a7xeltektt|5.1.1
LGE|LGL62VL|m209|5.1.1
motorola|XT1063|titan_umts|6.0
Sony|SOV32|SOV32|5.1.1
samsung|SM-N920P|nobleltespr|6.0.1
samsung|SM-J5108|j5xltecmcc|5.1.1
Sony|C2305|C2305|5.1
Sony|SO-05G|SO-05G|5.0.2
LGE|LG-D331|luv80ss|5.0.2
samsung|SM-J320M|j3xlte|5.1.1
Sony|E5643|E5643|5.1
motorola|Moto G (4)|athene_f|6.0.1
Sony|D6503|D6503|6.0.1
samsung|SM-N920T|nobleltetmo|6.0.1
samsung|SM-A700K|a7ltektt|5.0.2
samsung|SM-N915FY|tblte|6.0.1
HTC|HTL23|htc_b2wlj|5.0.2
LGE|LG-D851|g3|6.0
HTC|HTC 10|htc_pmeuhl|6.0.1
samsung|SM-G9198|msm8916_32|5.1.1
samsung|SM-G920P|zerofltespr|6.0.1
LGE|LG-H740|p1v|5.1.1
samsung|SM-T705M|klimtlte|5.0.2
samsung|SM-G900V|kltevzw|6.0.1
asus|ASUS_Z00VD|ASUS_Z00VD|5.1
samsung|SM-N910H|tre3g|5.1.1
Sony|Xperia Z3 Dual|z3dual|5.1.1
Sony|D6653|D6653|6.0.1
motorola|XT1064|titan_umts|6.0
Sony|E5343|E5343|5.1
samsung|GT-N5110|konawifi|6.0.1
LGE|LG-D724|jag3gds|6.0.1
samsung|SM-N915G|tblte|6.0.1
samsung|SM-G920T1|zerofltemtr|6.0.1
samsung|SM-G928P|zenltespr|6.0.1
samsung|SM-J320P|j3ltespr|5.1.1
samsung|SM-N910W8|trltecan|6.0.1
samsung|SM-G360BT|coreprimeltedtv|5.0.2
samsung|SAMSUNG-SM-G920A|zeroflteatt|6.0.1
Sony|D2114|D2114|6.0
motorola|XT1034|falcon_umts|5.1
LGE|LGL82VL|ph1|5.1.1
Sony|Xperia Z Ultra|togari_gpe|5.1.1
samsung|SAMSUNG-SM-J320A|j3xlteatt|6.0.1
samsung|SC-02H|SC-02H|6.0.1
samsung|SM-G900T|kltetmo|6.0.1
samsung|SM-J120H|j1x3g|5.1.1
LGE|LG-H812|p1|6.0
samsung|SM-N900K|hltektt|5.0
samsung|SM-P900|v1awifi|5.0.2
Sony|E5803|E5803|6.0.1
samsung|SM-J5008|j5ltechn|5.1
motorola|XT1570|clark_ds|5.1.1
LGE|LGLS775|ph1|6.0.1
samsung|SM-G930V|heroqltevzw|6.0.1
Sony|SOV33|SOV33|6.0.1
HTC|HTC6545LVW|htc_pmewl|6.0.1
samsung|SM-A500W|a5ultebmc|5.0.2
samsung|SAMSUNG-SM-G930A|heroqlteatt|6.0.1
HTC|One|m7|5.1.1
samsung|SM-G900FD|klte|6.0.1
asus|ASUS_T00I|ASUS_T00I|5.0
motorola|XT1575|clark|6.0.1
Sony|D6633|D6633|6.0.1
Sony|E5606|E5606|5.0
LGE|LG-H525n|c90n|5.0.2
samsung|SM-G900F|klte|6.0.1
LGE|LG-K535|ph2n|6.0.1
Sony|E6853|E6853|6.0.1
asus|ASUS_Z00LD|ASUS_Z00L_63|6.0.1
samsung|SAMSUNG-SM-G925A|zerolteatt|6.0.1
motorola|XT1225|quark_umts|6.0.1
samsung|SM-G935W8|hero2ltebmc|6.0.1
motorola|Moto G 2014|titan|6.0.1
samsung|SM-N910V|trltevzw|6.0.1
LGE|LG-ls990|ls990|5.1.1
HTC|HTC One M9|htc_himaul|6.0
samsung|SM-E700M|e7lte|5.1.1
samsung|SAMSUNG-SM-N920A|noblelteatt|6.0.1
Sony|Xperia Z1|honami|5.1.1
samsung|H522Y|hlte|5.0
samsung|SM-J500M|j5lte|6.0.1
LGE|LGLS996|z2|5.1.1
LGE|LGMS428|m209n|6.0.1
HTC|HTC6525LVW|htc_m8wl|6.0
Sony|D6708|D6708|5.1.1
samsung|SM-G928T|zenltetmo|6.0.1
HTC|HTC M8|htc_m8|6.0.1
samsung|SM-J510FN|j5xnlte|6.0.1
samsung|SAMSUNG-SM-G890A|marinelteatt|6.0.1
motorola|Nexus 6|shamu|7.0
LGE|LG-H901|pplus|6.0
motorola|XT1563|lux|6.0.1
samsung|SM-G388F|xcover3lte|5.1.1
samsung|SM-N915G|tblte|5.1.1
LGE|VS985 4G|g3|5.0
asus|ASUS_Z00LD|ASUS_Z00L_93|6.0.1
samsung|SM-N915P|tbltespr|5.1.1
Sony|501SO|501SO|6.0
samsung|SM-N910F|trltevzw|5.0.1
Sony|E6653|E6653|6.0.1
LGE|VS987|h1|6.0.1
LGE|VS880PP|x10|5.1.1
samsung|SM-G930L|heroltelgt|6.0.1
samsung|SM-N910F|trlte|6.0.1
motorola|MotoG3|osprey_ud2|6.0.1
LGE|LGL44VL|e1q|5.1.1
asus|ASUS_Z010D|ASUS_Z010|6.0.1
samsung|SAMSUNG-SM-T817A|gts210lteatt|6.0.1
samsung|SM-N920I|noblelte|6.0.1
samsung|GT-I9515|jfvelte|6.0.1
samsung|SHV-E330K|ks01lte|6.0.1
LGE|LG-D850|g3|6.0
samsung|SM-J105Y|j1minilte|5.1.1
Sony|F8132|F8132|6.0.1
LGE|LG-K130|me1ds|5.1.1
HTC|HTC 2PST2|htc_a16ul|6.0.1
samsung|SM-G900S|klteskt|6.0.1
samsung|SM-N900P|hltespr|5.1.1
motorola|MotoE2(4G-LTE)|surnia_umts|6.0
samsung|SM-N910T|trltetmo|6.0.1
samsung|GT-I9506|ks01lte|6.0.1
motorola|XT1580|kinzie|6.0.1
HTC|HTC_M10h|htc_pmeuhl|6.0.1
LGE|LGL52VL|m1|5.1.1
HTC|HTC_0PKX2|htc_a32ul_emea|5.1
samsung|SM-T550|gt510wifi|6.0.1
samsung|SM-G9200|zerofltechn|6.0.1
LGE|LGL61AL|m209|5.1.1
samsung|SM-J320VPP|j3ltevzw|6.0.1
motorola|MotoG3|osprey_umts|6.0.1
LGE|LG-H650|c100|6.0
Sony|E2306|E2306|6.0.1
Sony|SO-04H|SO-04H|6.0.1
LGE|LG-H961N|pplus|6.0
motorola|Moto G 2014|titan_umtsds|6.0.1
samsung|SM-N920G|noblelte|5.1.1
HTC|HTC6535LVW|htc_himawl|6.0
LGE|LG-K350|mm1v|6.0
asus|ASUS_Z00UD|ASUS_Z00U_2|6.0.1
samsung|SM-G550FY|o5lte|5.1.1
LGE|LGMS550|ph2n|6.0.1
samsung|GT-N7100|t03g|6.0.1
LGE|LG-H860|h1|6.0.1
samsung|SM-N930T|graceqltetmo|6.0.1
Sony|E2312|E2312|6.0.1
samsung|SM-T330NU|milletwifiue|5.1.1
samsung|SM-J700M|j7elte|6.0.1
asus|ASUS_Z00UDC|ASUS_Z00U_1|5.0.2
LGE|LG-E410f|v1|5.0.2
samsung|SPH-L710|d2spr|6.0.1
samsung|SM-T807P|chagallltespr|5.0.2
LGE|LG-H343|c50|6.0
samsung|SAMSUNG-SM-J120A|j1xlteatt|6.0.1
Sony|SGP621|SGP621|5.1.1
samsung|SM-G531Y|grandprimeveltezt|5.1.1
LGE|GT-I9300|GT-I9300|6.0.1
samsung|SM-N930F|gracelte|6.0.1
LGE|LG-H502|my90ds|6.0
samsung|SM-G900M|klte|6.0.1
samsung|SM-G900I|klte|6.0.1
LGE|Acer E3|hammerhead|5.0.1
samsung|SAMSUNG-SM-G891A|poseidonlteatt|6.0.1
samsung|GT-N7105|t0lte|6.0.1
samsung|SM-G930W8|heroltebmc|6.0.1
Sony|D6603|D6603|6.0.1
samsung|SM-J200GU|j2lte|5.1.1
samsung|SM-A800IZ|a8hplte|5.1.1
samsung|SM-N910G|trlte|6.0.1
asus|ASUS_Z017DA|ASUS_Z017D_1|6.0.1
HTC|HTC_D820u|htc_a51dtul|6.0.1
LGE|LG-F240S|geefhd4g|5.0.1
motorola|Moto G (4)|athene|6.0.1
samsung|SM-J700T|j7eltetmo|6.0.1
samsung|SM-G925T|zeroltetmo|6.0.1
LGE|LG-AS990|g3|5.0.1
samsung|SM-T377P|gtesqltespr|6.0.1
HTC|HTC One 801s|m7|5.0.2
samsung|SM-A500F|a5lte|6.0.1
samsung|SM-G900W8|kltecan|6.0.1
samsung|SM-J320FN|j3xnlte|5.1.1
motorola|XT1650|griffin|6.0.1
samsung|SM-J701F|j7velte|7.0
LGE|LM-X210(G)|cv1|7.1.2
